match_id,winner,turns,outcome,seed,duration,cost,player_order_source,first_player,players,player_costs
match_0670103d,FlashLite-S0-AO,11,win,2026046817,8.314470529556274,0.0007905,console,FlashLite-S0-AO,"FlashLite-S0-AO,FlashLite-S1-RC","{""FlashLite-S0-AO"": 0.0003206, ""FlashLite-S1-RC"": 0.00046990000000000004}"
match_0a41b548,FlashLite-S0-AO,21,win,2026046803,14.42654037475586,0.0022724,console,FlashLite-S0-AO,"FlashLite-S0-AO,FlashLite-S1-RC","{""FlashLite-S0-AO"": 0.0008157999999999999, ""FlashLite-S1-RC"": 0.0014566000000000002}"
match_0dc3ed8a,FlashLite-S1-RC,19,win,2026046801,22.508646249771118,0.0019068000000000002,console,FlashLite-S1-RC,"FlashLite-S1-RC,FlashLite-S0-AO","{""FlashLite-S1-RC"": 0.0013153000000000001, ""FlashLite-S0-AO"": 0.0005915}"
match_0ffa23ff,FlashLite-S1-RC,20,win,2026046813,13.26539945602417,0.0020015000000000002,console,FlashLite-S0-AO,"FlashLite-S0-AO,FlashLite-S1-RC","{""FlashLite-S0-AO"": 0.000699, ""FlashLite-S1-RC"": 0.0013025000000000003}"
match_13c4110b,FlashLite-S0-AO,21,win,2026046815,14.876530408859253,0.0023677999999999998,console,FlashLite-S0-AO,"FlashLite-S0-AO,FlashLite-S1-RC","{""FlashLite-S0-AO"": 0.0008158999999999999, ""FlashLite-S1-RC"": 0.0015518999999999997}"
match_14d49e75,FlashLite-S1-RC,20,win,2026046814,14.459156274795532,0.0020729999999999998,console,FlashLite-S0-AO,"FlashLite-S0-AO,FlashLite-S1-RC","{""FlashLite-S0-AO"": 0.0006992, ""FlashLite-S1-RC"": 0.0013737999999999999}"
match_17f6fec8,FlashLite-S1-RC,18,win,2026046816,13.703136444091797,0.0019483999999999999,console,FlashLite-S0-AO,"FlashLite-S0-AO,FlashLite-S1-RC","{""FlashLite-S0-AO"": 0.0005912, ""FlashLite-S1-RC"": 0.0013572}"
match_19201d26,FlashLite-S1-RC,21,win,2026046818,14.635136365890503,0.0022952000000000003,console,FlashLite-S1-RC,"FlashLite-S1-RC,FlashLite-S0-AO","{""FlashLite-S1-RC"": 0.0015961000000000003, ""FlashLite-S0-AO"": 0.0006990999999999999}"
match_1af4b8b4,FlashLite-S1-RC,19,win,2026046804,13.85951852798462,0.0020745,console,FlashLite-S1-RC,"FlashLite-S1-RC,FlashLite-S0-AO","{""FlashLite-S1-RC"": 0.0014828, ""FlashLite-S0-AO"": 0.0005917}"
match_1c2a059c,FlashLite-S0-AO,17,win,2026046818,10.978300094604492,0.0014574000000000002,console,FlashLite-S0-AO,"FlashLite-S0-AO,FlashLite-S1-RC","{""FlashLite-S0-AO"": 0.0005912, ""FlashLite-S1-RC"": 0.0008662000000000001}"
match_26bb0786,FlashLite-S1-RC,22,win,2026046805,17.61943292617798,0.0032814,console,FlashLite-S0-AO,"FlashLite-S0-AO,FlashLite-S1-RC","{""FlashLite-S0-AO"": 0.0008156999999999999, ""FlashLite-S1-RC"": 0.0024657}"
match_36492860,FlashLite-S1-RC,20,win,2026046810,13.792644500732422,0.0021436000000000003,console,FlashLite-S0-AO,"FlashLite-S0-AO,FlashLite-S1-RC","{""FlashLite-S0-AO"": 0.0006998999999999999, ""FlashLite-S1-RC"": 0.0014437000000000002}"
match_3819d5b7,FlashLite-S1-RC,18,win,2026046806,12.59758186340332,0.0018027999999999998,console,FlashLite-S0-AO,"FlashLite-S0-AO,FlashLite-S1-RC","{""FlashLite-S0-AO"": 0.0005912, ""FlashLite-S1-RC"": 0.0012116}"
match_41645eba,FlashLite-S1-RC,13,win,2026046819,9.607189178466797,0.0010608,console,FlashLite-S1-RC,"FlashLite-S1-RC,FlashLite-S0-AO","{""FlashLite-S1-RC"": 0.00074, ""FlashLite-S0-AO"": 0.0003208}"
match_424561bf,FlashLite-S1-RC,17,win,2026046823,11.597329139709473,0.0015642999999999998,console,FlashLite-S1-RC,"FlashLite-S1-RC,FlashLite-S0-AO","{""FlashLite-S1-RC"": 0.0010718, ""FlashLite-S0-AO"": 0.0004925}"
match_4a942754,FlashLite-S1-RC,22,win,2026046811,15.885960102081299,0.0025987,console,FlashLite-S0-AO,"FlashLite-S0-AO,FlashLite-S1-RC","{""FlashLite-S0-AO"": 0.0008158999999999999, ""FlashLite-S1-RC"": 0.0017828}"
match_4bc4b339,FlashLite-S0-AO,23,win,2026046809,16.12387704849243,0.0025862000000000003,console,FlashLite-S0-AO,"FlashLite-S0-AO,FlashLite-S1-RC","{""FlashLite-S0-AO"": 0.0009418, ""FlashLite-S1-RC"": 0.0016444000000000003}"
match_4f20ee65,FlashLite-S1-RC,19,win,2026046803,12.939861059188843,0.001873,console,FlashLite-S1-RC,"FlashLite-S1-RC,FlashLite-S0-AO","{""FlashLite-S1-RC"": 0.0012814, ""FlashLite-S0-AO"": 0.0005916}"
match_555cbc01,FlashLite-S1-RC,19,win,2026046817,12.992218971252441,0.0018549,console,FlashLite-S1-RC,"FlashLite-S1-RC,FlashLite-S0-AO","{""FlashLite-S1-RC"": 0.0012633000000000002, ""FlashLite-S0-AO"": 0.0005916}"
match_5882c757,FlashLite-S1-RC,20,win,2026046808,14.489013195037842,0.0021658,console,FlashLite-S0-AO,"FlashLite-S0-AO,FlashLite-S1-RC","{""FlashLite-S0-AO"": 0.0006992, ""FlashLite-S1-RC"": 0.0014666}"
match_598f2ab1,FlashLite-S1-RC,18,win,2026046804,14.920392274856567,0.0021593,console,FlashLite-S0-AO,"FlashLite-S0-AO,FlashLite-S1-RC","{""FlashLite-S0-AO"": 0.0005912, ""FlashLite-S1-RC"": 0.0015680999999999998}"
match_5cc528f4,FlashLite-S1-RC,23,win,2026046811,16.370553016662598,0.0025189,console,FlashLite-S1-RC,"FlashLite-S1-RC,FlashLite-S0-AO","{""FlashLite-S1-RC"": 0.0017022000000000003, ""FlashLite-S0-AO"": 0.0008167}"
match_610ddc97,FlashLite-S1-RC,18,win,2026046822,12.669344663619995,0.0017386999999999997,console,FlashLite-S0-AO,"FlashLite-S0-AO,FlashLite-S1-RC","{""FlashLite-S0-AO"": 0.0005912, ""FlashLite-S1-RC"": 0.0011474999999999999}"
match_61587da6,FlashLite-S1-RC,20,win,2026046824,14.269027709960938,0.0020957999999999997,console,FlashLite-S0-AO,"FlashLite-S0-AO,FlashLite-S1-RC","{""FlashLite-S0-AO"": 0.0006990999999999999, ""FlashLite-S1-RC"": 0.0013966999999999999}"
match_64a6d04b,FlashLite-S0-AO,21,win,2026046807,14.505963563919067,0.0025276,console,FlashLite-S0-AO,"FlashLite-S0-AO,FlashLite-S1-RC","{""FlashLite-S0-AO"": 0.0008171, ""FlashLite-S1-RC"": 0.0017105}"
match_66f74c61,FlashLite-S1-RC,21,win,2026046824,14.738949298858643,0.0023813999999999997,console,FlashLite-S1-RC,"FlashLite-S1-RC,FlashLite-S0-AO","{""FlashLite-S1-RC"": 0.0016816, ""FlashLite-S0-AO"": 0.0006998}"
match_6969af17,FlashLite-S1-RC,19,win,2026046813,12.705661058425903,0.0018864000000000003,console,FlashLite-S1-RC,"FlashLite-S1-RC,FlashLite-S0-AO","{""FlashLite-S1-RC"": 0.0012947000000000002, ""FlashLite-S0-AO"": 0.0005917}"
match_6dd534a8,FlashLite-S1-RC,15,win,2026046815,11.290015935897827,0.0013286,console,FlashLite-S1-RC,"FlashLite-S1-RC,FlashLite-S0-AO","{""FlashLite-S1-RC"": 0.0009268, ""FlashLite-S0-AO"": 0.0004018}"
match_72ff4794,FlashLite-S1-RC,19,win,2026046810,12.747499465942383,0.0019369,console,FlashLite-S1-RC,"FlashLite-S1-RC,FlashLite-S0-AO","{""FlashLite-S1-RC"": 0.0013456000000000002, ""FlashLite-S0-AO"": 0.0005913}"
match_76237be2,FlashLite-S1-RC,9,win,2026046807,8.053894519805908,0.0007019,console,FlashLite-S1-RC,"FlashLite-S1-RC,FlashLite-S0-AO","{""FlashLite-S1-RC"": 0.0005172, ""FlashLite-S0-AO"": 0.0001847}"
match_810eb5e3,FlashLite-S1-RC,15,win,2026046820,10.570574760437012,0.0013603,console,FlashLite-S1-RC,"FlashLite-S1-RC,FlashLite-S0-AO","{""FlashLite-S1-RC"": 0.0009581000000000001, ""FlashLite-S0-AO"": 0.0004022}"
match_8293e06d,FlashLite-S1-RC,20,win,2026046820,13.282847881317139,0.0020966,console,FlashLite-S0-AO,"FlashLite-S0-AO,FlashLite-S1-RC","{""FlashLite-S0-AO"": 0.0006990999999999999, ""FlashLite-S1-RC"": 0.0013975}"
match_87496db0,FlashLite-S1-RC,19,win,2026046814,13.725806474685669,0.0019443,console,FlashLite-S1-RC,"FlashLite-S1-RC,FlashLite-S0-AO","{""FlashLite-S1-RC"": 0.0013528, ""FlashLite-S0-AO"": 0.0005915}"
match_8d0c8722,FlashLite-S1-RC,19,win,2026046809,13.076381921768188,0.001937,console,FlashLite-S1-RC,"FlashLite-S1-RC,FlashLite-S0-AO","{""FlashLite-S1-RC"": 0.0013456, ""FlashLite-S0-AO"": 0.0005914}"
match_b7627b0c,FlashLite-S1-RC,25,win,2026046822,16.78752875328064,0.0031119,console,FlashLite-S1-RC,"FlashLite-S1-RC,FlashLite-S0-AO","{""FlashLite-S1-RC"": 0.0021693999999999997, ""FlashLite-S0-AO"": 0.0009425}"
match_bdfe2019,FlashLite-S1-RC,20,win,2026046802,14.2166748046875,0.002012,console,FlashLite-S0-AO,"FlashLite-S0-AO,FlashLite-S1-RC","{""FlashLite-S0-AO"": 0.0006992, ""FlashLite-S1-RC"": 0.0013128}"
match_c20beaf3,FlashLite-S1-RC,23,win,2026046805,15.515120267868042,0.0026055,console,FlashLite-S1-RC,"FlashLite-S1-RC,FlashLite-S0-AO","{""FlashLite-S1-RC"": 0.0017889000000000002, ""FlashLite-S0-AO"": 0.0008166}"
match_c5212c7a,FlashLite-S1-RC,16,win,2026046812,13.344260931015015,0.0014786,console,FlashLite-S0-AO,"FlashLite-S0-AO,FlashLite-S1-RC","{""FlashLite-S0-AO"": 0.0004921, ""FlashLite-S1-RC"": 0.0009865}"
match_d2d7b902,FlashLite-S1-RC,25,win,2026046808,17.226866960525513,0.0030422,console,FlashLite-S1-RC,"FlashLite-S1-RC,FlashLite-S0-AO","{""FlashLite-S1-RC"": 0.0020998, ""FlashLite-S0-AO"": 0.0009424}"
match_d54e3477,FlashLite-S0-AO,20,win,2026046812,13.876530170440674,0.0020050000000000003,console,FlashLite-S1-RC,"FlashLite-S1-RC,FlashLite-S0-AO","{""FlashLite-S1-RC"": 0.0013053000000000003, ""FlashLite-S0-AO"": 0.0006997}"
match_d80d09a2,FlashLite-S1-RC,22,win,2026046821,15.089537858963013,0.002556,console,FlashLite-S0-AO,"FlashLite-S0-AO,FlashLite-S1-RC","{""FlashLite-S0-AO"": 0.0008167, ""FlashLite-S1-RC"": 0.0017393000000000003}"
match_d9b0371d,FlashLite-S1-RC,23,win,2026046816,16.103043794631958,0.0026938,console,FlashLite-S1-RC,"FlashLite-S1-RC,FlashLite-S0-AO","{""FlashLite-S1-RC"": 0.0018772, ""FlashLite-S0-AO"": 0.0008166}"
match_da64888a,FlashLite-S0-AO,23,win,2026046801,17.379717111587524,0.0025806,console,FlashLite-S0-AO,"FlashLite-S0-AO,FlashLite-S1-RC","{""FlashLite-S0-AO"": 0.0009415, ""FlashLite-S1-RC"": 0.0016391}"
match_dc3b8d2c,FlashLite-S1-RC,19,win,2026046806,13.830966472625732,0.0019297,console,FlashLite-S1-RC,"FlashLite-S1-RC,FlashLite-S0-AO","{""FlashLite-S1-RC"": 0.001338, ""FlashLite-S0-AO"": 0.0005917}"
match_dd6c7ccc,FlashLite-S0-AO,19,win,2026046823,14.17677354812622,0.002058,console,FlashLite-S0-AO,"FlashLite-S0-AO,FlashLite-S1-RC","{""FlashLite-S0-AO"": 0.0006992, ""FlashLite-S1-RC"": 0.0013588}"
match_ec3ed7f6,FlashLite-S1-RC,17,win,2026046802,12.750121116638184,0.0015821,console,FlashLite-S1-RC,"FlashLite-S1-RC,FlashLite-S0-AO","{""FlashLite-S1-RC"": 0.0010896, ""FlashLite-S0-AO"": 0.0004925}"
match_f3a6293f,FlashLite-S1-RC,21,win,2026046821,13.587389707565308,0.0022064000000000003,console,FlashLite-S1-RC,"FlashLite-S1-RC,FlashLite-S0-AO","{""FlashLite-S1-RC"": 0.0015066000000000003, ""FlashLite-S0-AO"": 0.0006998}"
match_f67d9466,FlashLite-S0-AO,21,win,2026046819,13.809176921844482,0.0021424,console,FlashLite-S0-AO,"FlashLite-S0-AO,FlashLite-S1-RC","{""FlashLite-S0-AO"": 0.0008168, ""FlashLite-S1-RC"": 0.0013256000000000001}"
